rf IDEAS - Credential Read Height Test,,,,,,,,,,,,,,,,,,,,,
Reader Type,HIP2_SP,Reader Model,RDR-800x1BxU-NT,,,,,,,,,,,,,,,,,,
Firmware,WNC00UNT700-v03.01.18,,,,,,,,,,,,,,,,,,,,
Test speed,Slow,Final tap,0.5mm @ 10 mm/s,,,,,,,,,,,,,,,,,,
Read angles,"0 deg, 90 deg",,,,,,,,,,,,,,,,,,,,
Comment,,,,,,,,,,,,,,,,,,,,,
Generated,Jul-29-2026 15:27:37,,,,,,,,,,,,,,,,,,,,
,,,,,,,,,,,,,,,,,,,,,
Run,Card #,Card Title,Card Code,0 deg Avg (mm),90 deg Avg (mm),180 deg Avg (mm),270 deg Avg (mm),0 deg Min,0 deg Max,90 deg Min,90 deg Max,180 deg Min,180 deg Max,270 deg Min,270 deg Max,0 deg Scans,90 deg Scans,180 deg Scans,270 deg Scans,Card Max (mm),Error / Skip
1,1,NEDAP (ASK),B034,62.32,61.32,,,62.32,62.32,61.32,61.32,,,,,1,1,,,62.32,
1,1,NEDAP (ASK),A034,59.32,58.32,,,59.32,59.32,58.32,58.32,,,,,1,1,,,59.32,
1,2,Hitag-S,B035,46.32,45.82,,,46.32,46.32,45.82,45.82,,,,,1,1,,,46.32,
1,2,Hitag-S,A035,45.32,45.32,,,45.32,45.32,45.32,45.32,,,,,1,1,,,45.32,
1,3,INDALA ASP+,B036,56.82,58.32,,,56.82,56.82,58.32,58.32,,,,,1,1,,,58.32,
1,3,INDALA ASP+,A036,51.82,52.82,,,51.82,51.82,52.82,52.82,,,,,1,1,,,52.82,
1,4,Keri PSC-1 26 Bit,B037,75.32,74.32,,,75.32,75.32,74.32,74.32,,,,,1,1,,,75.32,
1,4,Keri PSC-1 26 Bit,A037,75.32,76.32,,,75.32,75.32,76.32,76.32,,,,,1,1,,,76.32,
1,5,Keri UID-RDR 6Kxx,B038,70.32,70.82,,,70.32,70.32,70.82,70.82,,,,,1,1,,,70.82,
1,5,Keri UID-RDR 6Kxx,A038,67.32,68.32,,,67.32,67.32,68.32,68.32,,,,,1,1,,,68.32,
1,6,NexKey,B039,49.82,49.32,,,49.82,49.82,49.32,49.32,,,,,1,1,,,49.82,
1,6,NexKey,A039,46.32,46.32,,,46.32,46.32,46.32,46.32,,,,,1,1,,,46.32,
1,7,Hitag-2,B040,48.82,48.82,,,48.82,48.82,48.82,48.82,,,,,1,1,,,48.82,
1,7,Hitag-2,A040,48.32,47.82,,,48.32,48.32,47.82,47.82,,,,,1,1,,,48.32,
1,8,ISO-15693A,B041,89.82,89.32,,,89.82,89.82,89.32,89.32,,,,,1,1,,,89.82,
1,8,ISO-15693A,A041,84.82,84.82,,,84.82,84.82,84.82,84.82,,,,,1,1,,,84.82,
1,9,SEOS Secure,B024,26.82,23.82,,,26.82,26.82,23.82,23.82,,,,,1,1,,,26.82,
1,9,SEOS Secure,A024,26.82,24.32,,,26.82,26.82,24.32,24.32,,,,,1,1,,,26.82,
1,10,HiTag 1 & S UID,B010,49.32,49.32,,,49.32,49.32,49.32,49.32,,,,,1,1,,,49.32,
1,10,HiTag 1 & S UID,A010,50.32,50.32,,,50.32,50.32,50.32,50.32,,,,,1,1,,,50.32,
1,11,Topaz CSN (NFC 1),B019,51.82,51.32,,,51.82,51.82,51.32,51.32,,,,,1,1,,,51.82,
1,11,Topaz CSN (NFC 1),A019,52.32,52.82,,,52.32,52.32,52.82,52.82,,,,,1,1,,,52.82,
1,12,ISO 15693 CSN,B022,44.32,44.82,,,44.32,44.32,44.82,44.82,,,,,1,1,,,44.82,
1,12,ISO 15693 CSN,A022,46.32,46.82,,,46.32,46.32,46.82,46.82,,,,,1,1,,,46.82,
1,13,ISO14443B CSN,B021,24.82,21.32,,,24.82,24.82,21.32,21.32,,,,,1,1,,,24.82,
1,13,ISO14443B CSN,A021,21.32,16.82,,,21.32,21.32,16.82,16.82,,,,,1,1,,,21.32,
1,14,IO Prox UID,B009,75.32,74.82,,,75.32,75.32,74.82,74.82,,,,,1,1,,,75.32,
1,14,IO Prox UID,A009,76.32,76.32,,,76.32,76.32,76.32,76.32,,,,,1,1,,,76.32,
1,15,ISO14443A CSN,B020,92.82,92.32,,,92.82,92.82,92.32,92.32,,,,,1,1,,,92.82,
1,15,ISO14443A CSN,A020,91.82,92.82,,,91.82,91.82,92.82,92.82,,,,,1,1,,,92.82,
1,16,IO Prox,B015,76.32,75.82,,,76.32,76.32,75.82,75.82,,,,,1,1,,,76.32,
1,16,IO Prox,A015,73.82,73.32,,,73.82,73.82,73.32,73.32,,,,,1,1,,,73.82,
1,17,HID Prox UID (608x),B003,55.32,54.82,,,55.32,55.32,54.82,54.82,,,,,1,1,,,55.32,
1,17,HID Prox UID (608x),A003,52.82,52.82,,,52.82,52.82,52.82,52.82,,,,,1,1,,,52.82,
1,18,ReadyKey,B013,50.82,49.82,,,50.82,50.82,49.82,49.82,,,,,1,1,,,50.82,
1,18,ReadyKey,A013,48.32,47.82,,,48.32,48.32,47.82,47.82,,,,,1,1,,,48.32,
1,19,Seos,B033,,,,,,,,,,,,,,,,,,NO READ (all angles)
1,19,Seos,A033,,,,,,,,,,,,,,,,,,NO READ (all angles)
1,20,Mifare DeSFIRE EV1,B032,39.32,37.82,,,39.32,39.32,37.82,37.82,,,,,1,1,,,39.32,
1,20,Mifare DeSFIRE EV1,A032,39.32,37.82,,,39.32,39.32,37.82,37.82,,,,,1,1,,,39.32,
1,21,CEPAS EZ LINK,B031,37.32,34.82,,,37.32,37.32,34.82,34.82,,,,,1,1,,,37.32,
1,21,CEPAS EZ LINK,A031,37.32,34.82,,,37.32,37.32,34.82,34.82,,,,,1,1,,,37.32,
1,22,ISO14443B CSN,B030,33.82,30.82,,,33.82,33.82,30.82,30.82,,,,,1,1,,,33.82,
1,22,ISO14443B CSN,A030,33.32,30.82,,,33.32,33.32,30.82,30.82,,,,,1,1,,,33.32,
1,23,iCLASS SE- 14443A,B029,59.32,57.82,,,59.32,59.32,57.82,57.82,,,,,1,1,,,59.32,
1,23,iCLASS SE- 14443A,A029,59.32,58.32,,,59.32,59.32,58.32,58.32,,,,,1,1,,,59.32,
1,24,HID iCLASS - Prox,B028,62.32,61.82,,,62.32,62.32,61.82,61.82,,,,,1,1,,,62.32,
1,24,HID iCLASS - Prox,A028,64.32,64.32,,,64.32,64.32,64.32,64.32,,,,,1,1,,,64.32,
1,25,ISO14443A LEGIC,B027,39.32,37.32,,,39.32,39.32,37.32,37.32,,,,,1,1,,,39.32,
1,25,ISO14443A LEGIC,A027,39.32,36.82,,,39.32,39.32,36.82,36.82,,,,,1,1,,,39.32,
1,26,Felica STD-DES,B026,53.82,52.32,,,53.82,53.82,52.32,52.32,,,,,1,1,,,53.82,
1,26,Felica STD-DES,A026,53.82,52.32,,,53.82,53.82,52.32,52.32,,,,,1,1,,,53.82,
1,27,ISO14443A,B025,28.32,28.32,,,28.32,28.32,28.32,28.32,,,,,1,1,,,28.32,
1,27,ISO14443A,A025,29.32,28.82,,,29.32,29.32,28.82,28.82,,,,,1,1,,,29.32,
1,28,FeliCa (NFC 3) UID,B018,34.82,31.82,,,34.82,34.82,31.82,31.82,,,,,1,1,,,34.82,
1,28,FeliCa (NFC 3) UID,A018,34.32,31.82,,,34.32,34.32,31.82,31.82,,,,,1,1,,,34.32,
1,29,CASI-RUSCO UID,B001,55.32,54.82,,,55.32,55.32,54.82,54.82,,,,,1,1,,,55.32,
1,29,CASI-RUSCO UID,A001,55.32,55.32,,,55.32,55.32,55.32,55.32,,,,,1,1,,,55.32,
1,30,Indala Custom,B004,67.82,67.32,,,67.82,67.82,67.32,67.32,,,,,1,1,,,67.82,
1,30,Indala Custom,A004,67.82,67.32,,,67.82,67.82,67.32,67.32,,,,,1,1,,,67.82,
1,31,Isonas UID,B012,70.82,67.32,,,70.82,70.82,67.32,67.32,,,,,1,1,,,70.82,
1,31,Isonas UID,A012,74.82,72.32,,,74.82,74.82,72.32,72.32,,,,,1,1,,,74.82,
1,32,Indala ASP UID,B014,68.82,66.82,,,68.82,68.82,66.82,66.82,,,,,1,1,,,68.82,
1,32,Indala ASP UID,A014,66.82,67.82,,,66.82,66.82,67.82,67.82,,,,,1,1,,,67.82,
1,33,EM 4200,B016,52.82,51.32,,,52.82,52.82,51.32,51.32,,,,,1,1,,,52.82,
1,33,EM 4200,A016,54.32,53.32,,,54.32,54.32,53.32,53.32,,,,,1,1,,,54.32,
1,34,CEPAS,B017,33.32,30.32,,,33.32,33.32,30.32,30.32,,,,,1,1,,,33.32,
1,34,CEPAS,A017,33.82,31.32,,,33.82,33.82,31.32,31.32,,,,,1,1,,,33.82,
1,35,Paradox,B011,71.82,70.82,,,71.82,71.82,70.82,70.82,,,,,1,1,,,71.82,
1,35,Paradox,A011,65.82,64.82,,,65.82,65.82,64.82,64.82,,,,,1,1,,,65.82,
1,36,Keri UID,B005,69.32,68.82,,,69.32,69.32,68.82,68.82,,,,,1,1,,,69.32,
1,36,Keri UID,A005,69.32,69.32,,,69.32,69.32,69.32,69.32,,,,,1,1,,,69.32,
1,37,G Prox,B008,52.82,50.82,,,52.82,52.82,50.82,50.82,,,,,1,1,,,52.82,
1,37,G Prox,A008,50.32,50.82,,,50.32,50.32,50.82,50.82,,,,,1,1,,,50.82,
1,38,Awid UID,B006,63.82,63.82,,,63.82,63.82,63.82,63.82,,,,,1,1,,,63.82,
1,38,Awid UID,A006,61.82,62.32,,,61.82,61.82,62.32,62.32,,,,,1,1,,,62.32,
1,39,EM 410x UID,B007,60.82,59.32,,,60.82,60.82,59.32,59.32,,,,,1,1,,,60.82,
1,39,EM 410x UID,A007,59.82,63.32,,,59.82,59.82,63.32,63.32,,,,,1,1,,,63.32,
